Database;Talker;word;category;F1;F2
Kuronen2000;svsv_1;bil;ii1;299;2496
Kuronen2000;svsv_1;pil;ii1;277;2590
Kuronen2000;svsv_1;fila;ii1;300;2436
Kuronen2000;svsv_1;rita;ii1;267;2557
Kuronen2000;svsv_1;silen;ii1;310;2476
Kuronen2000;svsv_1;bi;ii1;310;2560
Kuronen2000;svsv_1;pipa;ii1;256;2593
Kuronen2000;svsv_1;by;yy1;267;2240
Kuronen2000;svsv_1;typ;yy1;287;2412
Kuronen2000;svsv_1;myr;yy1;288;2369
Kuronen2000;svsv_1;byka;yy1;288;2326
Kuronen2000;svsv_1;hysa;yy1;299;2379
Kuronen2000;svsv_1;byn;yy1;255;2379
Kuronen2000;svsv_1;kypare;yy1;265;2414
Kuronen2000;svsv_1;selar;ee1;333;2272
Kuronen2000;svsv_1;kelar;ee1;377;2307
Kuronen2000;svsv_1;vev;ee1;365;2265
Kuronen2000;svsv_1;fel;ee1;409;2290
Kuronen2000;svsv_1;lek;ee1;406;2377
Kuronen2000;svsv_1;meta;ee1;343;2404
Kuronen2000;svsv_1;skepnad;ee1;361;2395
Kuronen2000;svsv_1;höta;oe1;473;1385
Kuronen2000;svsv_1;böka;oe1;518;1494
Kuronen2000;svsv_1;hök;oe1;508;1472
Kuronen2000;svsv_1;hög;oe1;551;1362
Kuronen2000;svsv_1;lök;oe1;486;1580
Kuronen2000;svsv_1;spöke;oe1;496;1552
Kuronen2000;svsv_1;köpa;oe1;549;1427
Kuronen2000;svsv_1;köra;;526;1226
Kuronen2000;svsv_1;höra;;559;1257
Kuronen2000;svsv_1;störde;;602;1246
Kuronen2000;svsv_1;störde;;584;1269
Kuronen2000;svsv_1;förödmjuka;;517;1297
Kuronen2000;svsv_1;föra;;554;1177
Kuronen2000;svsv_1;björn;;569;1329
Kuronen2000;svsv_1;skära;{:;683;1746
Kuronen2000;svsv_1;härad;{:;661;1545
Kuronen2000;svsv_1;kär;{:;676;1623
Kuronen2000;svsv_1;skär;{:;668;1820
Kuronen2000;svsv_1;bära;{:;704;1689
Kuronen2000;svsv_1;gärna;{:;661;1705
Kuronen2000;svsv_1;rasar;aa1;540;883
Kuronen2000;svsv_1;krama;aa1;529;786
Kuronen2000;svsv_1;faten;aa1;561;894
Kuronen2000;svsv_1;kranar;aa1;486;797
Kuronen2000;svsv_1;pater;aa1;476;786
Kuronen2000;svsv_1;mas;aa1;497;797
Kuronen2000;svsv_1;stapel;aa1;518;845
Kuronen2000;svsv_1;kul;uu1;338;1786
Kuronen2000;svsv_1;gul;uu1;334;1777
Kuronen2000;svsv_1;puka;uu1;322;1737
Kuronen2000;svsv_1;supa;uu1;312;1765
Kuronen2000;svsv_1;huta;uu1;302;1819
Kuronen2000;svsv_1;bu;uu1;340;1745
Kuronen2000;svsv_1;ful;uu1;316;1732
Kuronen2000;svsv_1;mås;oa1;328;677
Kuronen2000;svsv_1;tåt;oa1;372;776
Kuronen2000;svsv_1;våd;oa1;404;667
Kuronen2000;svsv_1;såpa;oa1;381;763
Kuronen2000;svsv_1;vård;oa1;372;707
Kuronen2000;svsv_1;dålig;oa1;353;613
Kuronen2000;svsv_1;tålig;oa1;365;670
Kuronen2000;svsv_1;koka;oo1;291;584
Kuronen2000;svsv_1;mos;oo1;271;677
Kuronen2000;svsv_1;sopa;oo1;312;668
Kuronen2000;svsv_1;bo;oo1;334;736
Kuronen2000;svsv_1;mor;oo1;279;734
Kuronen2000;svsv_1;boken;oo1;286;672
Kuronen2000;svsv_1;hjord;oo1;298;599
Kuronen2000;svsv_1;kicka;ih1;286;2375
Kuronen2000;svsv_1;riddare;ih1;294;2357
Kuronen2000;svsv_1;vitt;ih1;329;2327
Kuronen2000;svsv_1;vispa;ih1;316;2517
Kuronen2000;svsv_1;vilka;ih1;312;2369
Kuronen2000;svsv_1;sylten;yh1;310;2231
Kuronen2000;svsv_1;skylten;yh1;390;1859
Kuronen2000;svsv_1;styck;yh1;351;1991
Kuronen2000;svsv_1;fyll;yh1;387;1912
Kuronen2000;svsv_1;ryddare;yh1;319;1841
Kuronen2000;svsv_1;teknisk;eh1;430;1993
Kuronen2000;svsv_1;Helge;eh1;385;2228
Kuronen2000;svsv_1;vettigt;eh1;483;1898
Kuronen2000;svsv_1;kälkar;eh1;426;2089
Kuronen2000;svsv_1;skämta;eh1;430;1887
Kuronen2000;svsv_1;stöppla;oeh1;524;1349
Kuronen2000;svsv_1;köld;oeh1;461;1332
Kuronen2000;svsv_1;sköld;oeh1;499;1204
Kuronen2000;svsv_1;föll;oeh1;441;1119
Kuronen2000;svsv_1;tröst;oeh1;510;1316
Kuronen2000;svsv_1;börja;9;504;1286
Kuronen2000;svsv_1;börjat;9;424;1139
Kuronen2000;svsv_1;först;9;488;1125
Kuronen2000;svsv_1;först;9;469;1164
Kuronen2000;svsv_1;börjat;9;459;1191
Kuronen2000;svsv_1;packa;ah1;784;1269
Kuronen2000;svsv_1;mamre;ah1;721;1235
Kuronen2000;svsv_1;balkar;ah1;739;1375
Kuronen2000;svsv_1;alfa;ah1;784;1385
Kuronen2000;svsv_1;halsa;ah1;798;1348
Kuronen2000;svsv_1;trust;uh1;395;1249
Kuronen2000;svsv_1;full;uh1;417;1136
Kuronen2000;svsv_1;stubben;uh1;371;1038
Kuronen2000;svsv_1;kuppar;uh1;404;1187
Kuronen2000;svsv_1;kubbar;uh1;386;1136
Kuronen2000;svsv_1;borgå;oah1;484;788
Kuronen2000;svsv_1;borga;oah1;398;697
Kuronen2000;svsv_1;spott;oah1;462;759
Kuronen2000;svsv_1;sport;oah1;422;797
Kuronen2000;svsv_1;pocka;oah1;438;775
Kuronen2000;svsv_1;bott;oh1;329;732
Kuronen2000;svsv_1;kossa;oh1;354;769
Kuronen2000;svsv_1;fogde;oh1;382;768
Kuronen2000;svsv_1;;ae1;612;1796
Kuronen2000;svsv_2;bil;ii1;300;2116
Kuronen2000;svsv_2;pil;ii1;268;2203
Kuronen2000;svsv_2;fila;ii1;268;2095
Kuronen2000;svsv_2;rita;ii1;300;2051
Kuronen2000;svsv_2;silen;ii1;320;2084
Kuronen2000;svsv_2;bi;ii1;278;2160
Kuronen2000;svsv_2;pipa;ii1;284;2126
Kuronen2000;svsv_2;by;yy1;281;2165
Kuronen2000;svsv_2;typ;yy1;335;1982
Kuronen2000;svsv_2;myr;yy1;314;2015
Kuronen2000;svsv_2;byka;yy1;303;1961
Kuronen2000;svsv_2;hysa;yy1;346;1961
Kuronen2000;svsv_2;byn;yy1;335;2112
Kuronen2000;svsv_2;kypare;yy1;281;2036
Kuronen2000;svsv_2;selar;ee1;444;1974
Kuronen2000;svsv_2;kelar;ee1;381;2029
Kuronen2000;svsv_2;vev;ee1;392;2115
Kuronen2000;svsv_2;fel;ee1;424;2061
Kuronen2000;svsv_2;lek;ee1;381;2040
Kuronen2000;svsv_2;meta;ee1;413;1997
Kuronen2000;svsv_2;skepnad;ee1;402;2169
Kuronen2000;svsv_2;höta;oe1;481;1407
Kuronen2000;svsv_2;böka;oe1;471;1459
Kuronen2000;svsv_2;hök;oe1;502;1495
Kuronen2000;svsv_2;hög;oe1;524;1397
Kuronen2000;svsv_2;lök;oe1;505;1406
Kuronen2000;svsv_2;spöke;oe1;469;1473
Kuronen2000;svsv_2;köpa;oe1;462;1513
Kuronen2000;svsv_2;köra;;505;1272
Kuronen2000;svsv_2;höra;;509;1218
Kuronen2000;svsv_2;störde;;505;1336
Kuronen2000;svsv_2;störde;;496;1250
Kuronen2000;svsv_2;förödmjuka;;553;1218
Kuronen2000;svsv_2;föra;;495;1239
Kuronen2000;svsv_2;björn;;556;1250
Kuronen2000;svsv_2;skära;{:;553;1430
Kuronen2000;svsv_2;härad;{:;564;1711
Kuronen2000;svsv_2;kär;{:;546;1613
Kuronen2000;svsv_2;skär;{:;538;1768
Kuronen2000;svsv_2;bära;{:;553;1543
Kuronen2000;svsv_2;gärna;{:;625;1493
Kuronen2000;svsv_2;rasar;aa1;502;878
Kuronen2000;svsv_2;krama;aa1;534;889
Kuronen2000;svsv_2;faten;aa1;513;920
Kuronen2000;svsv_2;kranar;aa1;551;868
Kuronen2000;svsv_2;pater;aa1;561;818
Kuronen2000;svsv_2;mas;aa1;522;911
Kuronen2000;svsv_2;stapel;aa1;543;892
Kuronen2000;svsv_2;kul;uu1;311;1745
Kuronen2000;svsv_2;gul;uu1;343;1649
Kuronen2000;svsv_2;puka;uu1;358;1659
Kuronen2000;svsv_2;supa;uu1;375;1692
Kuronen2000;svsv_2;huta;uu1;343;1832
Kuronen2000;svsv_2;bu;uu1;386;1853
Kuronen2000;svsv_2;ful;uu1;397;1625
Kuronen2000;svsv_2;mås;oa1;415;772
Kuronen2000;svsv_2;tåt;oa1;446;695
Kuronen2000;svsv_2;våd;oa1;383;658
Kuronen2000;svsv_2;såpa;oa1;421;747
Kuronen2000;svsv_2;vård;oa1;461;789
Kuronen2000;svsv_2;dålig;oa1;404;731
Kuronen2000;svsv_2;tålig;oa1;405;675
Kuronen2000;svsv_2;koka;oo1;325;713
Kuronen2000;svsv_2;mos;oo1;298;678
Kuronen2000;svsv_2;sopa;oo1;320;622
Kuronen2000;svsv_2;bo;oo1;299;743
Kuronen2000;svsv_2;mor;oo1;319;693
Kuronen2000;svsv_2;boken;oo1;335;713
Kuronen2000;svsv_2;hjord;oo1;325;651
Kuronen2000;svsv_2;kicka;ih1;365;2078
Kuronen2000;svsv_2;riddare;ih1;321;1916
Kuronen2000;svsv_2;vitt;ih1;367;2142
Kuronen2000;svsv_2;vispa;ih1;354;1991
Kuronen2000;svsv_2;vilka;ih1;343;2174
Kuronen2000;svsv_2;sylten;yh1;366;1883
Kuronen2000;svsv_2;skylten;yh1;409;1810
Kuronen2000;svsv_2;styck;yh1;366;1915
Kuronen2000;svsv_2;fyll;yh1;398;1890
Kuronen2000;svsv_2;ryddare;yh1;387;1958
Kuronen2000;svsv_2;teknisk;eh1;506;1810
Kuronen2000;svsv_2;Helge;eh1;462;1915
Kuronen2000;svsv_2;vettigt;eh1;473;1808
Kuronen2000;svsv_2;kälkar;eh1;430;1861
Kuronen2000;svsv_2;skämta;eh1;460;1884
Kuronen2000;svsv_2;stöppla;oeh1;419;1272
Kuronen2000;svsv_2;köld;oeh1;452;1318
Kuronen2000;svsv_2;sköld;oeh1;459;1285
Kuronen2000;svsv_2;föll;oeh1;483;1391
Kuronen2000;svsv_2;tröst;oeh1;501;1343
Kuronen2000;svsv_2;börja;9;469;1262
Kuronen2000;svsv_2;börjat;9;491;1257
Kuronen2000;svsv_2;först;9;430;1265
Kuronen2000;svsv_2;först;9;448;1308
Kuronen2000;svsv_2;börjat;9;448;1280
Kuronen2000;svsv_2;packa;ah1;700;1355
Kuronen2000;svsv_2;mamre;ah1;646;1246
Kuronen2000;svsv_2;balkar;ah1;560;1335
Kuronen2000;svsv_2;alfa;ah1;539;1387
Kuronen2000;svsv_2;halsa;ah1;611;1281
Kuronen2000;svsv_2;trust;uh1;486;1213
Kuronen2000;svsv_2;full;uh1;466;1217
Kuronen2000;svsv_2;stubben;uh1;429;1292
Kuronen2000;svsv_2;kuppar;uh1;407;1230
Kuronen2000;svsv_2;kubbar;uh1;392;1281
Kuronen2000;svsv_2;borgå;oah1;475;853
Kuronen2000;svsv_2;borga;oah1;463;972
Kuronen2000;svsv_2;spott;oah1;476;821
Kuronen2000;svsv_2;sport;oah1;494;918
Kuronen2000;svsv_2;pocka;oah1;502;946
Kuronen2000;svsv_2;bott;oh1;338;740
Kuronen2000;svsv_2;kossa;oh1;374;815
Kuronen2000;svsv_2;fogde;oh1;359;776
Kuronen2000;svsv_2;;ae1;563;1630
Kuronen2000;svsv_3;bil;ii1;239;2468
Kuronen2000;svsv_3;pil;ii1;243;2461
Kuronen2000;svsv_3;fila;ii1;235;2456
Kuronen2000;svsv_3;rita;ii1;235;2437
Kuronen2000;svsv_3;silen;ii1;254;2379
Kuronen2000;svsv_3;bi;ii1;263;2528
Kuronen2000;svsv_3;pipa;ii1;240;2432
Kuronen2000;svsv_3;by;yy1;284;2371
Kuronen2000;svsv_3;typ;yy1;262;2319
Kuronen2000;svsv_3;myr;yy1;290;2370
Kuronen2000;svsv_3;byka;yy1;253;2316
Kuronen2000;svsv_3;hysa;yy1;252;2425
Kuronen2000;svsv_3;byn;yy1;259;2437
Kuronen2000;svsv_3;kypare;yy1;252;2353
Kuronen2000;svsv_3;selar;ee1;369;1997
Kuronen2000;svsv_3;kelar;ee1;352;2292
Kuronen2000;svsv_3;vev;ee1;395;2120
Kuronen2000;svsv_3;fel;ee1;416;2163
Kuronen2000;svsv_3;lek;ee1;416;2293
Kuronen2000;svsv_3;meta;ee1;352;2267
Kuronen2000;svsv_3;skepnad;ee1;352;2362
Kuronen2000;svsv_3;höta;oe1;438;1358
Kuronen2000;svsv_3;böka;oe1;434;1325
Kuronen2000;svsv_3;hök;oe1;468;1485
Kuronen2000;svsv_3;hög;oe1;483;1421
Kuronen2000;svsv_3;lök;oe1;434;1388
Kuronen2000;svsv_3;spöke;oe1;439;1503
Kuronen2000;svsv_3;köpa;oe1;452;1391
Kuronen2000;svsv_3;köra;;519;1242
Kuronen2000;svsv_3;höra;;624;1256
Kuronen2000;svsv_3;störde;;566;1264
Kuronen2000;svsv_3;störde;;577;1157
Kuronen2000;svsv_3;förödmjuka;;542;1187
Kuronen2000;svsv_3;föra;;559;1317
Kuronen2000;svsv_3;björn;;572;1244
Kuronen2000;svsv_3;skära;{:;709;1518
Kuronen2000;svsv_3;härad;{:;623;1586
Kuronen2000;svsv_3;kär;{:;635;1568
Kuronen2000;svsv_3;skär;{:;592;1470
Kuronen2000;svsv_3;bära;{:;658;1610
Kuronen2000;svsv_3;gärna;{:;651;1488
Kuronen2000;svsv_3;rasar;aa1;483;886
Kuronen2000;svsv_3;krama;aa1;525;902
Kuronen2000;svsv_3;faten;aa1;502;841
Kuronen2000;svsv_3;kranar;aa1;476;771
Kuronen2000;svsv_3;pater;aa1;562;881
Kuronen2000;svsv_3;mas;aa1;520;871
Kuronen2000;svsv_3;stapel;aa1;514;875
Kuronen2000;svsv_3;kul;uu1;285;1684
Kuronen2000;svsv_3;gul;uu1;314;1663
Kuronen2000;svsv_3;puka;uu1;313;1748
Kuronen2000;svsv_3;supa;uu1;332;1663
Kuronen2000;svsv_3;huta;uu1;313;1748
Kuronen2000;svsv_3;bu;uu1;260;1685
Kuronen2000;svsv_3;ful;uu1;288;1812
Kuronen2000;svsv_3;mås;oa1;379;722
Kuronen2000;svsv_3;tåt;oa1;399;702
Kuronen2000;svsv_3;våd;oa1;406;746
Kuronen2000;svsv_3;såpa;oa1;358;657
Kuronen2000;svsv_3;vård;oa1;416;748
Kuronen2000;svsv_3;dålig;oa1;389;709
Kuronen2000;svsv_3;tålig;oa1;359;655
Kuronen2000;svsv_3;koka;oo1;289;645
Kuronen2000;svsv_3;mos;oo1;279;628
Kuronen2000;svsv_3;sopa;oo1;302;711
Kuronen2000;svsv_3;bo;oo1;286;691
Kuronen2000;svsv_3;mor;oo1;326;705
Kuronen2000;svsv_3;boken;oo1;278;621
Kuronen2000;svsv_3;hjord;oo1;332;730
Kuronen2000;svsv_3;kicka;ih1;344;2321
Kuronen2000;svsv_3;riddare;ih1;355;2224
Kuronen2000;svsv_3;vitt;ih1;332;2041
Kuronen2000;svsv_3;vispa;ih1;312;2364
Kuronen2000;svsv_3;vilka;ih1;343;2275
Kuronen2000;svsv_3;sylten;yh1;367;1952
Kuronen2000;svsv_3;skylten;yh1;335;1845
Kuronen2000;svsv_3;styck;yh1;377;1931
Kuronen2000;svsv_3;fyll;yh1;366;1985
Kuronen2000;svsv_3;ryddare;yh1;352;1906
Kuronen2000;svsv_3;teknisk;eh1;471;1930
Kuronen2000;svsv_3;Helge;eh1;441;2057
Kuronen2000;svsv_3;vettigt;eh1;502;1988
Kuronen2000;svsv_3;kälkar;eh1;436;1991
Kuronen2000;svsv_3;skämta;eh1;484;1835
Kuronen2000;svsv_3;stöppla;oeh1;485;1415
Kuronen2000;svsv_3;köld;oeh1;490;1305
Kuronen2000;svsv_3;sköld;oeh1;491;1271
Kuronen2000;svsv_3;föll;oeh1;442;1409
Kuronen2000;svsv_3;tröst;oeh1;449;1414
Kuronen2000;svsv_3;börja;9;431;1261
Kuronen2000;svsv_3;börjat;9;435;1241
Kuronen2000;svsv_3;först;9;499;1344
Kuronen2000;svsv_3;först;9;466;1264
Kuronen2000;svsv_3;börjat;9;480;1313
Kuronen2000;svsv_3;packa;ah1;645;1238
Kuronen2000;svsv_3;mamre;ah1;667;1270
Kuronen2000;svsv_3;balkar;ah1;731;1238
Kuronen2000;svsv_3;alfa;ah1;645;1418
Kuronen2000;svsv_3;halsa;ah1;689;1271
Kuronen2000;svsv_3;trust;uh1;436;1317
Kuronen2000;svsv_3;full;uh1;420;1266
Kuronen2000;svsv_3;stubben;uh1;381;1326
Kuronen2000;svsv_3;kuppar;uh1;379;1231
Kuronen2000;svsv_3;kubbar;uh1;388;1242
Kuronen2000;svsv_3;borgå;oah1;412;770
Kuronen2000;svsv_3;borga;oah1;455;814
Kuronen2000;svsv_3;spott;oah1;433;781
Kuronen2000;svsv_3;sport;oah1;423;823
Kuronen2000;svsv_3;pocka;oah1;468;802
Kuronen2000;svsv_3;bott;oh1;354;721
Kuronen2000;svsv_3;kossa;oh1;334;739
Kuronen2000;svsv_3;fogde;oh1;344;733
Kuronen2000;svsv_3;;ae1;619;1680
Kuronen2000;svsv_4;bil;ii1;277;2365
Kuronen2000;svsv_4;pil;ii1;257;2430
Kuronen2000;svsv_4;fila;ii1;309;2351
Kuronen2000;svsv_4;rita;ii1;299;2368
Kuronen2000;svsv_4;silen;ii1;287;2293
Kuronen2000;svsv_4;bi;ii1;259;2315
Kuronen2000;svsv_4;pipa;ii1;269;2337
Kuronen2000;svsv_4;by;yy1;272;2285
Kuronen2000;svsv_4;typ;yy1;280;2244
Kuronen2000;svsv_4;myr;yy1;296;2186
Kuronen2000;svsv_4;byka;yy1;261;2331
Kuronen2000;svsv_4;hysa;yy1;305;2292
Kuronen2000;svsv_4;byn;yy1;278;2216
Kuronen2000;svsv_4;kypare;yy1;284;2336
Kuronen2000;svsv_4;selar;ee1;401;2223
Kuronen2000;svsv_4;kelar;ee1;356;2216
Kuronen2000;svsv_4;vev;ee1;420;2106
Kuronen2000;svsv_4;fel;ee1;406;2023
Kuronen2000;svsv_4;lek;ee1;385;2327
Kuronen2000;svsv_4;meta;ee1;365;2158
Kuronen2000;svsv_4;skepnad;ee1;354;2203
Kuronen2000;svsv_4;höta;oe1;541;1468
Kuronen2000;svsv_4;böka;oe1;474;1388
Kuronen2000;svsv_4;hök;oe1;558;1388
Kuronen2000;svsv_4;hög;oe1;514;1427
Kuronen2000;svsv_4;lök;oe1;484;1411
Kuronen2000;svsv_4;spöke;oe1;512;1497
Kuronen2000;svsv_4;köpa;oe1;524;1420
Kuronen2000;svsv_4;köra;;540;1203
Kuronen2000;svsv_4;höra;;582;1186
Kuronen2000;svsv_4;störde;;510;1271
Kuronen2000;svsv_4;störde;;492;1314
Kuronen2000;svsv_4;förödmjuka;;576;1305
Kuronen2000;svsv_4;föra;;555;1237
Kuronen2000;svsv_4;björn;;576;1222
Kuronen2000;svsv_4;skära;{:;614;1690
Kuronen2000;svsv_4;härad;{:;630;1555
Kuronen2000;svsv_4;kär;{:;574;1503
Kuronen2000;svsv_4;skär;{:;683;1658
Kuronen2000;svsv_4;bära;{:;640;1615
Kuronen2000;svsv_4;gärna;{:;628;1623
Kuronen2000;svsv_4;rasar;aa1;564;906
Kuronen2000;svsv_4;krama;aa1;506;831
Kuronen2000;svsv_4;faten;aa1;512;878
Kuronen2000;svsv_4;kranar;aa1;573;906
Kuronen2000;svsv_4;pater;aa1;486;792
Kuronen2000;svsv_4;mas;aa1;552;894
Kuronen2000;svsv_4;stapel;aa1;546;861
Kuronen2000;svsv_4;kul;uu1;360;1668
Kuronen2000;svsv_4;gul;uu1;326;1779
Kuronen2000;svsv_4;puka;uu1;316;1646
Kuronen2000;svsv_4;supa;uu1;316;1797
Kuronen2000;svsv_4;huta;uu1;337;1763
Kuronen2000;svsv_4;bu;uu1;310;1712
Kuronen2000;svsv_4;ful;uu1;323;1738
Kuronen2000;svsv_4;mås;oa1;360;754
Kuronen2000;svsv_4;tåt;oa1;407;787
Kuronen2000;svsv_4;våd;oa1;385;767
Kuronen2000;svsv_4;såpa;oa1;357;640
Kuronen2000;svsv_4;vård;oa1;370;668
Kuronen2000;svsv_4;dålig;oa1;381;698
Kuronen2000;svsv_4;tålig;oa1;380;707
Kuronen2000;svsv_4;koka;oo1;276;668
Kuronen2000;svsv_4;mos;oo1;301;694
Kuronen2000;svsv_4;sopa;oo1;314;632
Kuronen2000;svsv_4;bo;oo1;276;682
Kuronen2000;svsv_4;mor;oo1;266;708
Kuronen2000;svsv_4;boken;oo1;275;704
Kuronen2000;svsv_4;hjord;oo1;285;688
Kuronen2000;svsv_4;kicka;ih1;347;2236
Kuronen2000;svsv_4;riddare;ih1;318;2174
Kuronen2000;svsv_4;vitt;ih1;328;2313
Kuronen2000;svsv_4;vispa;ih1;327;2326
Kuronen2000;svsv_4;vilka;ih1;341;2308
Kuronen2000;svsv_4;sylten;yh1;342;1989
Kuronen2000;svsv_4;skylten;yh1;377;1871
Kuronen2000;svsv_4;styck;yh1;356;1917
Kuronen2000;svsv_4;fyll;yh1;380;1857
Kuronen2000;svsv_4;ryddare;yh1;355;1841
Kuronen2000;svsv_4;teknisk;eh1;452;1905
Kuronen2000;svsv_4;Helge;eh1;434;1958
Kuronen2000;svsv_4;vettigt;eh1;473;1833
Kuronen2000;svsv_4;kälkar;eh1;414;2058
Kuronen2000;svsv_4;skämta;eh1;434;1971
Kuronen2000;svsv_4;stöppla;oeh1;576;1299
Kuronen2000;svsv_4;köld;oeh1;573;1471
Kuronen2000;svsv_4;sköld;oeh1;539;1387
Kuronen2000;svsv_4;föll;oeh1;539;1351
Kuronen2000;svsv_4;tröst;oeh1;506;1389
Kuronen2000;svsv_4;börja;9;486;1239
Kuronen2000;svsv_4;börjat;9;557;1282
Kuronen2000;svsv_4;först;9;504;1356
Kuronen2000;svsv_4;först;9;491;1307
Kuronen2000;svsv_4;börjat;9;484;1314
Kuronen2000;svsv_4;packa;ah1;622;1420
Kuronen2000;svsv_4;mamre;ah1;789;1508
Kuronen2000;svsv_4;balkar;ah1;789;1420
Kuronen2000;svsv_4;alfa;ah1;800;1470
Kuronen2000;svsv_4;halsa;ah1;769;1367
Kuronen2000;svsv_4;trust;uh1;384;1127
Kuronen2000;svsv_4;full;uh1;465;1207
Kuronen2000;svsv_4;stubben;uh1;416;1287
Kuronen2000;svsv_4;kuppar;uh1;391;1192
Kuronen2000;svsv_4;kubbar;uh1;407;1242
Kuronen2000;svsv_4;borgå;oah1;468;890
Kuronen2000;svsv_4;borga;oah1;442;862
Kuronen2000;svsv_4;spott;oah1;440;854
Kuronen2000;svsv_4;sport;oah1;444;884
Kuronen2000;svsv_4;pocka;oah1;456;871
Kuronen2000;svsv_4;bott;oh1;333;767
Kuronen2000;svsv_4;kossa;oh1;356;805
Kuronen2000;svsv_4;fogde;oh1;343;791
Kuronen2000;svsv_4;;ae1;592;1733